160.00, 101.00
145.00, 113.00, 167.00, 74.00, 156.00, 61.00, 126.00, 118.00, 121.00, 57.00
146.00, 112.00, 117.00, 41.00, 165.00, 71.00, 97.00, 160.00, 116.00, 50.00, 144.00, 57.00, 152.00, 82.00
109.00, 126.00, 103.00, 87.00, 129.00, 46.00, 154.00, 159.00, 78.00, 103.00, 92.00, 89.00, 113.00, 126.00, 98.00
109.00, 126.00, 103.00, 87.00, 129.00, 46.00, 154.00, 159.00, 78.00, 103.00, 92.00, 89.00, 113.00, 126.00, 98.00
109.00, 126.00, 103.00, 87.00, 129.00, 46.00, 154.00, 159.00, 131.00, 56.00, 91.00, 57.00, 152.00, 82.00, 130.00
146.00, 117.00, 41.00, 165.00, 71.00, 97.00, 144.00, 57.00, 152.00, 82.00, 112.00, 160.00, 116.00, 50.00
170.00, 153.00, 93.00, 181.00, 119.00, 89.00, 46.00, 160.00, 127.00, 71.00, 94.00, 143.00, 103.00, 120.00, 94.00, 100.00, 148.00, 79.00, 106.00, 94.00, 52.00, 112.00, 130.00, 107.00, 124.00, 100.00, 57.00, 113.00, 69.00, 59.00, 159.00, 69.00, 46.00, 114.00, 121.00, 149.00, 12.00, 109.00, 107.00, 125.00, 132.00, 145.00, 86.00, 92.00, 59.00, 66.00, 55.00, 87.00, 123.00, 151.00, 179.00, 90.00, 22.00, 118.00, 123.00, 118.00, 193.00, 58.00, 132.00, 94.00, 79.00, 153.00, 100.00, 49.00, 112.00, 98.00, 68.00, 34.00, 27.00, 110.00, 53.00, 106.00, 178.00, 68.00, 32.00, 112.00, 80.00, 115.00, 64.00, 105.00
160.00, 101.00
109.00, 126.00, 103.00, 87.00, 129.00, 46.00, 154.00, 159.00, 78.00, 103.00, 92.00, 89.00, 113.00, 126.00, 98.00
109.00, 112.00, 149.00, 51.00, 104.00, 103.00, 148.00, 115.00, 116.00, 56.00, 102.00, 94.00, 119.00, 141.00, 93.00
119.00, 145.00, 82.00, 122.00, 117.00, 93.00, 95.00, 107.00, 119.00, 128.00, 97.00, 148.00, 115.00, 116.00, 56.00, 91.00, 29.00, 112.00, 117.00
145.00, 113.00, 167.00, 74.00, 156.00, 61.00, 126.00, 118.00, 121.00, 57.00
145.00, 113.00, 167.00, 74.00, 156.00, 61.00, 126.00, 118.00, 121.00, 57.00
145.00, 113.00, 167.00, 74.00, 156.00, 61.00, 126.00, 118.00, 121.00, 57.00
145.00, 113.00, 167.00, 74.00, 156.00, 61.00, 126.00, 118.00, 121.00, 57.00
145.00, 113.00, 167.00, 74.00, 156.00, 61.00, 126.00, 118.00, 121.00, 57.00
145.00, 113.00, 167.00, 74.00, 156.00, 61.00, 126.00, 118.00, 121.00, 57.00
145.00, 113.00, 167.00, 74.00, 156.00, 61.00, 126.00, 118.00, 121.00, 57.00
145.00, 48.00, 176.00, 136.00, 78.00, 119.00, 75.00, 112.00, 164.00, 85.00
145.00, 113.00, 167.00, 74.00, 156.00, 71.00, 112.00, 132.00, 75.00, 93.00
145.00, 113.00, 167.00, 74.00, 156.00, 61.00, 126.00, 118.00, 121.00, 57.00
145.00, 113.00, 167.00, 74.00, 156.00, 61.00, 126.00, 118.00, 121.00, 57.00
118.00, 172.00, 169.00, 64.00, 114.00
145.00, 113.00, 167.00, 78.00, 152.00, 61.00, 126.00, 118.00, 121.00, 57.00
112.00, 155.00, 79.00, 108.00, 115.00, 64.00, 144.00, 148.00, 116.00, 63.00, 73.00, 48.00, 163.00, 104.00, 78.00, 131.00, 147.00, 77.00, 124.00, 91.00, 41.00, 142.00, 49.00, 37.00, 159.00, 147.00, 85.00, 155.00, 92.00, 132.00
94.00, 128.00, 145.00, 26.00, 160.00, 91.00, 115.00, 174.00, 79.00, 83.00, 85.00, 94.00, 125.00, 88.00, 65.00, 48.00, 98.00, 95.00, 139.00, 129.00
145.00, 113.00, 167.00, 74.00, 156.00, 61.00, 126.00, 118.00, 121.00, 57.00
96.00, 112.00, 168.00, 102.00, 71.00, 132.00, 108.00, 148.00, 162.00, 145.00, 102.00, 67.00, 52.00, 110.00, 117.00, 109.00, 95.00, 130.00, 31.00, 86.00, 101.00, 83.00, 93.00, 92.00, 106.00, 149.00, 74.00, 44.00, 116.00, 105.00, 87.00, 85.00, 154.00, 105.00, 10.00, 136.00, 157.00, 96.00, 151.00, 107.00, 65.00, 61.00, 141.00, 133.00, 97.00, 123.00, 87.00, 49.00, 124.00, 110.00
145.00, 165.00, 113.00, 103.00, 105.00, 57.00, 94.00, 149.00, 132.00, 75.00
160.00, 101.00
145.00, 176.00, 104.00, 57.00, 74.00, 119.00, 98.00, 132.00, 112.00, 121.00
98.00, 179.00, 112.00
118.00, 172.00, 169.00, 36.00, 142.00
160.00, 101.00
145.00, 122.00, 104.00, 105.00, 152.00, 98.00, 112.00, 132.00, 75.00, 93.00
118.00, 172.00, 169.00, 142.00, 36.00
118.00, 172.00, 169.00, 64.00, 114.00
118.00, 172.00, 169.00, 64.00, 114.00
160.00, 101.00
160.00, 101.00
160.00, 101.00
118.00, 172.00, 169.00, 64.00, 114.00
118.00, 172.00, 169.00, 64.00, 114.00
118.00, 172.00, 169.00, 64.00, 114.00
118.00, 172.00, 169.00, 64.00, 114.00
118.00, 172.00, 169.00, 64.00, 114.00
118.00, 172.00, 169.00, 64.00, 114.00
118.00, 172.00, 169.00, 64.00, 114.00
118.00, 172.00, 169.00, 64.00, 114.00
160.00, 101.00
118.00, 172.00, 169.00, 64.00, 114.00
118.00, 172.00, 169.00, 64.00, 114.00
145.00, 113.00, 167.00, 74.00, 156.00, 61.00, 126.00, 118.00, 121.00, 57.00
118.00, 163.00, 178.00, 64.00, 114.00
94.00, 83.00, 153.00, 106.00, 175.00, 65.00, 148.00, 115.00, 116.00, 56.00, 64.00, 85.00, 119.00, 81.00, 132.00, 93.00, 133.00, 37.00, 128.00, 78.00
112.00, 159.00, 98.00, 34.00, 177.00, 72.00, 184.00, 116.00, 64.00, 91.00, 75.00, 53.00, 181.00, 139.00, 119.00, 99.00, 102.00, 96.00, 168.00, 117.00, 16.00, 93.00, 151.00, 56.00, 118.00, 35.00, 108.00, 52.00, 80.00, 92.00, 53.00, 97.00, 104.00, 103.00, 83.00, 134.00, 127.00, 120.00, 54.00, 92.00
118.00, 172.00, 169.00, 64.00, 114.00
96.00, 112.00, 168.00, 95.00, 149.00, 108.00, 148.00, 162.00, 145.00, 102.00, 67.00, 52.00, 174.00, 86.00, 99.00, 31.00, 86.00, 55.00, 85.00, 93.00, 35.00, 163.00, 149.00, 74.00, 96.00, 97.00, 96.00, 87.00, 110.00, 85.00, 116.00, 10.00, 98.00, 136.00, 157.00, 151.00, 96.00, 107.00, 65.00, 141.00, 61.00, 133.00, 97.00, 87.00, 123.00, 49.00, 124.00, 110.00, 109.00, 109.00
178.00, 156.00, 111.00, 93.00, 160.00, 36.00, 183.00, 94.00, 90.00, 86.00, 79.00, 119.00, 142.00, 115.00, 64.00, 106.00, 126.00, 115.00, 116.00, 67.00, 30.00, 108.00, 96.00, 46.00, 179.00, 116.00, 133.00, 104.00, 142.00, 44.00, 56.00, 69.00, 78.00, 155.00, 122.00, 132.00, 99.00, 64.00, 94.00, 61.00, 53.00, 101.00, 92.00, 51.00, 113.00, 40.00, 117.00, 94.00, 83.00, 85.00, 53.00, 67.00, 140.00, 176.00, 79.00, 91.00, 107.00, 116.00, 147.00, 102.00, 60.00, 104.00, 172.00, 91.00, 64.00, 55.00, 139.00, 29.00, 47.00, 121.00, 48.00, 109.00, 169.00, 101.00, 57.00, 158.00, 61.00, 123.00, 108.00, 86.00, 119.00, 43.00, 127.00, 115.00, 116.00, 159.00, 10.00, 125.00, 75.00, 157.00, 127.00, 89.00, 113.00, 161.00, 57.00, 41.00, 54.00, 129.00, 105.00, 67.00
178.00, 156.00, 111.00, 93.00, 160.00, 36.00, 183.00, 51.00, 109.00, 113.00, 114.00, 83.00, 91.00, 139.00, 149.00, 67.00, 105.00, 115.00, 116.00, 55.00, 51.00, 96.00, 99.00, 46.00, 179.00, 133.00, 111.00, 144.00, 32.00, 94.00, 102.00, 85.00, 99.00, 75.00, 144.00, 132.00, 99.00, 181.00, 75.00, 35.00, 70.00, 100.00, 105.00, 50.00, 22.00, 103.00, 107.00, 92.00, 23.00, 85.00, 53.00, 75.00, 187.00, 103.00, 74.00, 118.00, 108.00, 121.00, 117.00, 60.00, 160.00, 113.00, 148.00, 95.00, 77.00, 129.00, 46.00, 46.00, 63.00, 45.00, 121.00, 48.00, 109.00, 169.00, 101.00, 57.00, 125.00, 70.00, 129.00, 91.00, 86.00, 138.00, 45.00, 104.00, 153.00, 95.00, 158.00, 24.00, 109.00, 149.00, 128.00, 95.00, 113.00, 132.00, 86.00, 40.00, 69.00, 105.00, 114.00, 68.00
178.00, 156.00, 111.00, 93.00, 160.00, 36.00, 183.00, 94.00, 66.00, 113.00, 114.00, 83.00, 91.00, 139.00, 149.00, 67.00, 105.00, 115.00, 116.00, 55.00, 51.00, 97.00, 98.00, 46.00, 179.00, 101.00, 143.00, 98.00, 76.00, 62.00, 96.00, 58.00, 119.00, 111.00, 155.00, 132.00, 99.00, 139.00, 30.00, 66.00, 57.00, 144.00, 53.00, 48.00, 87.00, 56.00, 168.00, 92.00, 23.00, 85.00, 53.00, 75.00, 187.00, 103.00, 74.00, 118.00, 108.00, 121.00, 117.00, 136.00, 84.00, 113.00, 148.00, 55.00, 77.00, 55.00, 139.00, 29.00, 47.00, 121.00, 48.00, 109.00, 169.00, 101.00, 57.00, 158.00, 61.00, 129.00, 102.00, 86.00, 119.00, 59.00, 113.00, 106.00, 163.00, 91.00, 77.00, 72.00, 112.00, 194.00, 61.00, 97.00, 111.00, 161.00, 57.00, 40.00, 69.00, 97.00, 122.00, 68.00
118.00, 172.00, 169.00, 64.00, 114.00
118.00, 172.00, 169.00, 64.00, 114.00
178.00, 156.00, 111.00, 93.00, 160.00, 36.00, 183.00, 94.00, 66.00, 113.00, 114.00, 83.00, 91.00, 139.00, 149.00, 67.00, 105.00, 115.00, 116.00, 55.00, 51.00, 97.00, 98.00, 46.00, 179.00, 101.00, 143.00, 98.00, 76.00, 62.00, 96.00, 58.00, 119.00, 111.00, 155.00, 132.00, 99.00, 139.00, 30.00, 66.00, 57.00, 144.00, 53.00, 48.00, 87.00, 56.00, 168.00, 92.00, 23.00, 85.00, 53.00, 75.00, 187.00, 103.00, 74.00, 118.00, 108.00, 121.00, 117.00, 136.00, 84.00, 113.00, 148.00, 55.00, 77.00, 55.00, 139.00, 29.00, 47.00, 121.00, 48.00, 109.00, 169.00, 101.00, 57.00, 158.00, 61.00, 129.00, 102.00, 86.00, 119.00, 59.00, 113.00, 106.00, 163.00, 91.00, 77.00, 72.00, 112.00, 194.00, 61.00, 97.00, 111.00, 161.00, 57.00, 40.00, 69.00, 97.00, 122.00, 68.00
159.00, 90.00, 120.00, 78.00, 106.00, 73.00, 92.00, 132.00, 53.00, 39.00, 90.00, 115.00, 159.00, 76.00, 80.00, 122.00, 64.00, 69.00, 142.00, 119.00, 101.00, 167.00, 139.00, 54.00, 126.00, 120.00, 67.00, 62.00, 121.00, 121.00, 98.00, 84.00, 64.00, 122.00, 166.00, 74.00, 148.00, 60.00, 59.00, 53.00, 51.00, 101.00, 120.00, 62.00, 130.00, 105.00, 138.00, 46.00, 26.00, 80.00, 18.00, 27.00, 135.00, 82.00, 58.00, 79.00, 146.00, 91.00, 138.00, 149.00, 66.00, 55.00, 162.00, 32.00, 56.00, 41.00, 90.00, 55.00, 35.00, 122.00, 32.00, 111.00, 164.00, 103.00, 38.00, 104.00, 96.00, 88.00, 43.00, 86.00, 139.00, 107.00, 155.00, 128.00, 156.00, 155.00, 76.00, 82.00, 135.00, 129.00, 65.00, 154.00, 136.00, 131.00, 138.00, 93.00, 125.00, 182.00, 153.00, 112.00, 121.00, 154.00, 74.00, 168.00, 151.00, 77.00, 139.00, 38.00, 24.00, 137.00, 65.00, 124.00, 91.00, 175.00, 152.00, 97.00, 83.00, 110.00, 99.00, 118.00, 119.00, 116.00, 43.00, 65.00, 169.00, 130.00, 90.00, 111.00, 19.00, 69.00, 154.00, 62.00, 98.00, 66.00, 158.00, 84.00, 27.00, 87.00, 58.00, 35.00, 68.00, 138.00, 37.00, 57.00, 30.00, 69.00, 154.00, 126.00, 28.00, 39.00, 62.00, 91.00, 109.00, 113.00, 42.00, 135.00, 55.00, 132.00, 40.00, 91.00, 148.00, 184.00, 145.00, 58.00, 125.00, 142.00, 165.00, 72.00, 84.00, 89.00, 109.00, 36.00, 186.00, 96.00, 141.00, 189.00, 82.00, 69.00, 128.00, 112.00, 64.00, 145.00, 116.00, 101.00, 79.00, 20.00, 135.00, 75.00, 84.00, 154.00, 79.00, 92.00, 95.00, 135.00, 97.00, 112.00, 136.00, 16.00, 49.00, 96.00
88.00, 87.00, 138.00, 45.00, 171.00, 40.00, 106.00, 128.00, 75.00, 94.00, 106.00, 49.00, 155.00, 67.00, 79.00, 108.00, 98.00, 50.00, 109.00, 98.00, 35.00, 68.00, 103.00, 81.00, 181.00, 109.00, 112.00, 91.00, 138.00, 66.00, 110.00, 32.00, 55.00, 152.00, 129.00, 130.00, 192.00, 137.00, 110.00, 138.00, 88.00, 146.00, 34.00, 87.00, 174.00, 132.00, 164.00, 108.00, 55.00, 160.00, 39.00, 105.00, 109.00, 92.00, 128.00, 132.00, 72.00, 137.00, 124.00, 108.00, 89.00, 101.00, 126.00, 63.00, 43.00, 50.00, 102.00, 116.00, 61.00, 66.00, 60.00, 137.00, 169.00, 51.00, 15.00, 80.00, 106.00, 85.00, 98.00, 69.00, 186.00, 29.00, 80.00, 117.00, 99.00, 124.00, 8.00, 132.00, 84.00, 191.00, 82.00, 144.00, 134.00, 88.00, 63.00, 34.00, 95.00, 182.00, 178.00, 129.00, 167.00, 142.00, 84.00, 103.00, 152.00, 23.00, 196.00, 42.00, 59.00, 190.00, 65.00, 154.00, 25.00, 135.00, 128.00, 125.00, 70.00, 156.00, 133.00, 27.00, 130.00, 38.00, 112.00, 36.00, 133.00, 103.00, 136.00, 169.00, 13.00, 106.00, 136.00, 129.00, 173.00, 103.00, 146.00, 144.00, 99.00, 104.00, 23.00, 37.00, 89.00, 125.00, 58.00, 88.00, 47.00, 21.00, 72.00, 74.00, 92.00, 36.00, 82.00, 117.00, 124.00, 95.00, 76.00, 74.00, 92.00, 148.00, 111.00, 88.00, 177.00, 124.00, 72.00, 81.00, 89.00, 53.00, 126.00, 33.00, 82.00, 154.00, 78.00, 81.00, 133.00, 124.00, 43.00, 179.00, 76.00, 68.00, 122.00, 133.00, 85.00, 143.00, 123.00, 53.00, 127.00, 103.00, 149.00, 109.00, 115.00, 124.00, 65.00, 51.00, 56.00, 153.00, 22.00, 56.00, 70.00, 61.00, 76.00, 85.00, 136.00, 6.00, 46.00, 144.00, 56.00, 115.00, 44.00, 89.00, 71.00, 106.00, 30.00, 182.00, 166.00, 116.00, 60.00, 135.00, 52.00, 43.00, 117.00, 121.00, 149.00, 150.00, 107.00, 59.00, 83.00, 182.00, 20.00, 66.00, 58.00, 115.00, 118.00, 146.00, 127.00, 93.00, 132.00, 7.00, 126.00, 93.00, 140.00, 54.00, 117.00, 72.00, 128.00, 133.00, 128.00, 108.00, 81.00, 91.00, 37.00, 42.00
178.00, 156.00, 111.00, 93.00, 160.00, 36.00, 183.00, 94.00, 66.00, 113.00, 114.00, 83.00, 91.00, 139.00, 149.00, 67.00, 105.00, 115.00, 116.00, 55.00, 51.00, 97.00, 98.00, 46.00, 179.00, 101.00, 143.00, 98.00, 76.00, 62.00, 96.00, 58.00, 124.00, 89.00, 132.00, 78.00, 30.00, 178.00, 101.00, 69.00, 60.00, 131.00, 108.00, 97.00, 42.00, 31.00, 96.00, 154.00, 102.00, 54.00, 62.00, 107.00, 165.00, 90.00, 111.00, 101.00, 57.00, 93.00, 50.00, 128.00, 100.00, 107.00, 148.00, 65.00, 139.00, 74.00, 108.00, 70.00, 47.00, 90.00, 115.00, 94.00, 143.00, 129.00, 105.00, 161.00, 123.00, 146.00, 64.00, 61.00, 116.00, 56.00, 66.00, 85.00, 162.00, 83.00, 77.00, 72.00, 112.00, 194.00, 43.00, 104.00, 69.00, 157.00, 61.00, 78.00, 51.00, 89.00, 116.00, 113.00
